Mapping-Type,Hit-%,Cycles/M.A.
Fully-Associative,86.10108746348529,40.60311264943417
Direct,79.48302525959201,47.57399906718708
