Replacement-Policy,Hit-%,Cycles/M.A.
lru,86.10108746348529,40.60311264943417
random,79.72604757345901,47.810958097061636
fifo,79.46093232196775,48.29690453396176
